,plant_id,name_e,family,genus,species,eatr,medr,care,eat,med,others,name_k
0,0,calendula,Asteraceae|Compositae,Calendula,officinalis,3,10,FullyHardy|MoistSoil|Semi|Fullsun,Colouring|Tea,Antiphlogistic|Antiseptic|Antispasmodic|Aperient|Astringent|Cholagogue|Diaphoretic|Emmenagogue|Homeopathy|Skin|Stimulant|Vulnerary|Warts,Compost|Cosmetic|Dye|Essential|Repellent,금잔화
1,1,German Camomile,Asteraceae|Compositae,Matricaria,recutita,1,10,FullyHardy|Welldrainedsoil|MoistSoil|Fullsun,Condiment|Tea,Anodyne|Antiinflammatory|Antiseptic|Antispasmodic|Carminative|Cholagogue|Diaphoretic|Homeopathy|Nervine|Stomachic|Tonic|Vasodilator,Dye|Essential|Hair|Repellent|Strewing,캐모마일
2,2,Fenugreek,Fabaceae|Leguminosae,Trigonella,foenum-graecum,4,10,FullyHardy|Welldrainedsoil|MoistSoil|Fullsun,Coffee|Condiment|Tea,Anticholesterolemic|Antiinflammatory|Antiphlogistic|Antitumor|Appetizer|Cardiotonic|Carminative|Demulcent|Deobstruent|Diuretic|Emollient|Expectorant|Febrifuge|Galactogogue|Hypoglycaemic|Hypotensive|Laxative|Parasiticide|Restorative,Cosmetic|Dye|Essential|Hair|Parasiticide,호로파
3,3,Garlic,Alliaceae,Allium,sativum,5,10,FrostHardy|Welldrainedsoil|MoistSoil|Fullsun,,Anthelmintic|Antiasthmatic|Anticholesterolemic|Antiseptic|Antispasmodic|Cancer|Cholagogue|Diaphoretic|Diuretic|Dysentery|Expectorant|Febrifuge|Hypoglycaemic|Stimulant|Stings|Stomachic|Tonic|Vasodilator,Adhesive|Fungicide|Repellent,마늘
4,4,Aloe Vera,Aloeaceae,Aloe,vera,1,10,FrostHardy|Welldrainedsoil|MoistSoil|Fullsun,,Cancer|Emmenagogue|Emollient|Laxative|Miscellany|Purgative|Skin|Stimulant|Stomachic|Tonic|Vermifuge|Vulnerary,Cosmetic|Miscellany|Pollution,알로에
5,5,Marsh Mallow,Malvaceae,Althaea,officinalis,5,10,FullyHardy|Welldrainedsoil|MoistSoil|Fullsun,Egg|Oil|Tea,Antidiarrhoeal|Antitussive|Demulcent|Diuretic|Emollient|Laxative|Odontalgic|Urinary,Adhesive|Fibre|Oil|Teeth,마시멜로
6,6,Dang Gui,Apiaceae|Umbelliferae,Angelica,sinensis,0,10,FullyHardy|MoistSoil|Semi|Fullsun,,Alterative|Analgesic|Anticholesterolemic|Antiinflammatory|Antispasmodic|Cholera|Deobstruent|Emollient|Hepatic|Laxative|Malaria|Sedative|Vasodilator,,당귀
7,7,Gotu Kola,Apiaceae|Umbelliferae,Centella,asiatica,2,10,FrostHardy|MoistSoil|WetSoil|Semi|Fullsun,,Adaptogen|Anticonvulsant|Antidiarrhoeal|Antiinflammatory|Antipanic|Antirheumatic|Cardiac|Depurative|Diuretic|Febrifuge|Hypotensive|Leprosy|Malaria|Nervine|Sedative|Skin|Tonic,Cosmetic,병풀
8,8,Chamomile,Asteraceae|Compositae,Chamaemelum,nobile,2,10,FullyHardy|Welldrainedsoil|MoistSoil|Semi|Fullsun,Condiment|Tea,Anodyne|Antianxiety|Antiinflammatory|Antispasmodic|Aromatherapy|Nervine|Stomachic|Tonic|Vasodilator,Companion|Compost|Dye|Essential|Fungicide|Hair|Repellent|Strewing,로만캐모마일
9,9,Cone Flower,Asteraceae|Compositae,Echinacea,pallida,0,10,FullyHardy|MoistSoil|Fullsun,,Adaptogen|Alterative|Antiseptic|Appetizer|Depurative|Diaphoretic|Digestive|Sialagogue|Urinary,,팔리다
10,10,Echinacea,Asteraceae|Compositae,Echinacea,angustifolia,0,10,FullyHardy|Welldrainedsoil|MoistSoil|Fullsun,,Adaptogen|Alterative|Antiseptic|Depurative|Diaphoretic|Digestive|Sialagogue|Stings|Urinary,,콘플라워
11,11,Lemon Balm,Lamiaceae|Labiatae,Melissa,officinalis,3,10,FullyHardy|Welldrainedsoil|MoistSoil|Semi|Fullsun,Condiment|Tea,Antianxiety|Antibacterial|Antidepressant|Antiemetic|Antispasmodic|Antiviral|Aromatherapy|Carminative|Diaphoretic|Digestive|Emmenagogue|Febrifuge|Sedative|Tonic,Essential|Repellent,레몬밤
12,12,White Peppermint,Lamiaceae|Labiatae,Mentha,x,3,10,FullyHardy|MoistSoil|Semi|Fullsun,Condiment|Tea,Anodyne|Antiseptic|Antispasmodic|Aromatherapy|Carminative|Cholagogue|Diaphoretic|Refrigerant|Stomachic|Tonic|Vasodilator,Essential|Repellent|Strewing,화이트 페퍼민트
13,13,Black Peppermint,Lamiaceae|Labiatae,Mentha,piperita,4,10,FullyHardy|MoistSoil|Semi|Fullsun,Condiment|Tea,Abortifacient|Anodyne|Antiseptic|Antispasmodic|Aromatherapy|Carminative|Cholagogue|Diaphoretic|Refrigerant|Stomachic|Tonic|Vasodilator,Essential|Repellent|Strewing,블랙 페퍼민트
14,14,Ginseng,Araliaceae,Panax,ginseng,2,10,FullyHardy|MoistSoil|Fullshade|Semi,Tea,Adaptogen|Antianxiety|Anticholesterolemic|Appetizer|Emetic|Expectorant|Hypoglycaemic|Nervine|Tonic,,인삼
15,15,Stinging Nettle,Urticaceae,Urtica,dioica,5,10,FullyHardy|MoistSoil|Semi|Fullsun,Colouring|Drink|Oil,Antiasthmatic|Antidandruff|Antirheumatic|Antiseborrheic|Astringent|Diuretic|Eczema|Galactogogue|Haemostatic|Hypoglycaemic|Stings|Tonic|Urinary,Biomass|Compost|Dye|Fibre|Hair|Oil|Repellent|Waterproofing,쐐기풀
16,16,Feverfew,Asteraceae|Compositae,Tanacetum,parthenium,2,10,FullyHardy|Welldrainedsoil|MoistSoil|Fullsun,Condiment|Tea,Antiecchymotic|Antiinflammatory|Antirheumatic|Antispasmodic|Aperient|Bitter|Carminative|Emmenagogue|Sedative|Stimulant|Stings|Stomachic|Vasodilator|Vermifuge,Essential|Repellent,화란국화
17,17,Sage,Lamiaceae|Labiatae,Salvia,officinalis,4,10,FullyHardy|Welldrainedsoil|MoistSoil|Fullsun,Condiment|Tea,Antidiarrhoeal|Antihydrotic|Antiseptic|Antispasmodic|Appetizer|Aromatherapy|Astringent|Carminative|Cholagogue|Galactofuge|Stimulant|Tonic|Vasodilator,Compost|Essential|Repellent|Strewing|Teeth,세이지
18,18,Ground Nut,Fabaceae|Leguminosae,Apios,americana,5,2,FullyHardy|MoistSoil|Semi|Fullsun,,,Companion|Latex,아피오스
19,19,Chinese Yam,Dioscoreaceae,Dioscorea,batatas,5,10,FullyHardy|MoistSoil|Semi|Fullsun,,Anthelmintic|Antidote|Contraceptive|Digestive|Miscellany,Miscellany,참마
20,20,Pleurisy Root,Asclepiadaceae,Asclepias,tuberosa,3,6,FullyHardy|Welldrainedsoil|MoistSoil|Semi|Fullsun,Oil|Sweetener,Antispasmodic|Carminative|Cathartic|Diaphoretic|Diuretic|Dysentery|Expectorant|Poultice|Tonic|Vasodilator,Fibre|Latex|Oil|Pollution|Stuffing,투베로사
21,21,Common Day Lily,Hemerocallidaceae,Hemerocallis,fulva,5,4,FullyHardy|Welldrainedsoil|MoistSoil|Semi|Fullsun,,Anodyne|Anthelmintic|Antidote|Antiemetic|Antispasmodic|Cancer|Depurative|Diuretic|Febrifuge|Laxative|Sedative,Weaving,원추리
22,22,Dumortier's daylily,Hemerocallidaceae,Hemerocallis,dumortieri,4,2,FullyHardy|Welldrainedsoil|MoistSoil|Semi|Fullsun,,Antidote|Diuretic,Weaving,각시원추리
23,23,Musk Mallow,Malvaceae,Malva,moschata,5,4,FullyHardy|MoistSoil|Semi|Fullsun,,Antiphlogistic|Astringent|Demulcent|Diuretic|Emollient|Expectorant|Laxative|Poultice|Salve|Urinary,Dye|Fibre,머스크말로우
24,24,Iron Cross Plant,Oxalidaceae,Oxalis,deppei,4,0,FrostHardy|MoistSoil|Fullsun,,,,아이언크로스
25,25,Sweet Violet,Violaceae,Viola,odorata,5,6,FullyHardy|MoistSoil|Semi|Fullsun,Condiment|Tea,Antiinflammatory|Antirheumatic|Cancer|Demulcent|Diaphoretic|Diuretic|Emetic|Emollient|Expectorant|Homeopathy|Laxative|Purgative|Urinary,Essential|Litmus,향기제비꽃
26,26,Onion,Alliaceae,Allium,cepa,5,6,FullyHardy|MoistSoil|Fullsun,,Anthelmintic|Antiinflammatory|Antiseptic|Antispasmodic|Appetizer|Carminative|Diuretic|Expectorant|Febrifuge|Homeopathy|Hypoglycaemic|Hypotensive|Lithontripic|Skin|Stings|Stomachic|Tonic,Cosmetic|Dye|Hair|Polish|Repellent|Rust,양파
27,27,Daffodil Garlic,Alliaceae,Allium,neapolitanum,5,4,FrostHardy|Welldrainedsoil|MoistSoil|Fullsun,,,Repellent,코와니
28,28,Broccoli,Brassicaceae|Cruciferae,Brassica,oleraceaitalica,5,0,FullyHardy|MoistSoil|Semi|Fullsun,,,Companion,브로콜리
29,29,Carrot,Apiaceae|Umbelliferae,Daucus,carotasativus,5,6,FullyHardy|MoistSoil|Fullsun,Coffee|Colouring|Condiment,Anthelmintic|Carminative|Deobstruent|Diuretic|Galactogogue|Ophthalmic|Stimulant,Alcohol|Dye|Essential,당근
30,30,Fennel,Apiaceae|Umbelliferae,Foeniculum,vulgare,5,6,FullyHardy|Welldrainedsoil|MoistSoil|Fullsun,Condiment|Drink|Oil|Tea,Analgesic|Antiinflammatory|Antispasmodic|Aromatherapy|Aromatic|Carminative|Diuretic|Emmenagogue|Expectorant|Galactogogue|Hallucinogenic|Stimulant|Stomachic|Urinary,Dye|Essential|Oil|Repellent|Strewing,회향
31,31,Strawberry,Rosaceae,Fragaria,ananassa,5,0,FullyHardy|MoistSoil|Semi|Fullsun,,,,딸기
32,32,Sunflower,Asteraceae|Compositae,Helianthus,annuus,5,4,FullyHardy|Welldrainedsoil|MoistSoil|Semi|Fullsun,Coffee|Oil,Antipsoriatic|Antirheumatic|Diuretic|Expectorant|Febrifuge|Malaria|Stomachic,Dye|Fibre|Fuel|Herbicide|Kindling|Microscope|Oil|Paper,해바라기
33,33,Sweet Potato,Convolvulaceae,Ipomoea,batatas,5,0,HalfHardy|MoistSoil|Fullsun,,,Biomass|Fuel,고구마
34,34,Lentil,Fabaceae|Leguminosae,Lens,culinaris,5,2,Welldrainedsoil|MoistSoil|Fullsun,,Laxative|Poultice,Fuel,렌틸콩
35,35,Vervain mallow,Malvaceae,Malva,alcea,5,2,FullyHardy|MoistSoil|Semi|Fullsun,Oil|Oil,Demulcent|Mouthwash,Dye|Fibre|Oil|Oil,말바아세아
36,36,Maca,Brassicaceae|Cruciferae,Lepidium,meyenii,5,6,MoistSoil|Semi|Fullsun,,Adaptogen|Aphrodisiac|Cancer|Infertility|Nutritive|Tonic,,마카
37,37,Oca,Oxalidaceae,Oxalis,tuberosa,5,0,FullyHardy|MoistSoil|Fullsun,,,,오카
38,38,Breadroot,Fabaceae|Leguminosae,Psoralea,esculenta,5,2,FullyHardy|Welldrainedsoil|MoistSoil|Fullsun,Oil,Pectoral|Poultice|Stomachic,Oil,프레리순무
39,39,Arctic Bramble,Rosaceae,Rubus,arcticus,5,0,FullyHardy|MoistSoil|Fullsun,Tea,,Dye,두메딸기
40,40,Nepalese Raspberry,Rosaceae,Rubus,nepalensis,5,0,FrostHardy|MoistSoil|Semi|Fullsun,,,Dye,네팔 라즈베리
41,41,Sorrel,Polygonaceae,Rumex,acetosa,5,6,FullyHardy|MoistSoil|Semi|Fullsun,,Anthelmintic|Antiscorbutic|Astringent|Depurative|Diuretic|Febrifuge|Homeopathy|Laxative|Refrigerant|Stomachic,Cleanser|Dye|Polish,수영
42,42,Tomato,Solanaceae,Solanum,lycopersicum,5,6,Tender|MoistSoil|Fullsun,Drink|Oil,Antirheumatic|Leprosy|Odontalgic|Skin,Companion|Cosmetic|Insecticide|Oil|Repellent|Teeth,토마토
43,43,Small Reed Mace,Typhaceae,Typha,angustifolia,5,6,FullyHardy|WetSoil|WaterPlants|Fullsun,Oil,Anticoagulant|Diuretic|Emmenagogue|Haemostatic|Lithontripic|Miscellany,Biomass|Insulation|Miscellany|Oil|Paper|Stuffing|Thatching|Tinder|Weaving,에기부들
44,44,Chinese Mallow,Malvaceae,Malva,verticillata,5,4,FullyHardy|MoistSoil|Semi|Fullsun,,Demulcent|Digestive|Diuretic|Emollient|Galactogogue|Laxative,Dye,아욱
45,45,Rose Root,Crassulaceae,Rhodiola,rosea,2,6,FullyHardy|Welldrainedsoil|MoistSoil|Fullsun,,Adaptogen|Antidepressant|Stomachic|TB,Essential,홍경천
46,46,Sweet Flag,Araceae,Acorus,calamus,3,8,FullyHardy|WetSoil|WaterPlants|Fullsun,Condiment,Abortifacient|Anodyne|Antirheumatic|Aphrodisiac|Aromatic|Carminative|Diaphoretic|Emmenagogue|Epilepsy|Febrifuge|Hallucinogenic|Homeopathy|Odontalgic|Sedative|Stimulant|Stomachic|Tonic|Vermifuge,Basketry|Incense|Insecticide|Repellent|Strewing|Thatching|Weaving,창포
47,47,Mexican Chia,Lamiaceae|Labiatae,Salvia,hispanica,3,0,HalfHardy|Welldrainedsoil|MoistSoil|Fullsun,Drink,,,치아(치아씨드)
48,48,Yarrow,Asteraceae|Compositae,Achillea,millefolium,3,8,FullyHardy|Welldrainedsoil|MoistSoil|Semi|Fullsun,Condiment|Tea,Antidiarrhoeal|Antiinflammatory|Antiseptic|Antispasmodic|Appetizer|Aromatic|Astringent|Carminative|Cholagogue|Diaphoretic|Digestive|Emmenagogue|Odontalgic|Stimulant|Tonic|Vasodilator|Vulnerary,Companion|Compost|Cosmetic|Dye|Essential|Hair|Repellent,서양톱풀
49,49,Dandelion,Asteraceae|Compositae,Taraxacum,officinale,4,6,FullyHardy|MoistSoil|Semi|Fullsun,Coffee|Tea,Aperient|Cholagogue|Depurative|Diuretic|Eczema|Hepatic|Hypoglycaemic|Laxative|Miscellany|Stomachic|Tonic|Urinary|Warts,Compost|Cosmetic|Dye|Latex|Miscellany,민들레
50,50,Milk Thistle,Asteraceae|Compositae,Silybum,marianum,3,10,FullyHardy|Welldrainedsoil|MoistSoil|Fullsun,Coffee|Oil|Oil,Astringent|Bitter|Cholagogue|Diaphoretic|Diuretic|Emetic|Emmenagogue|Hepatic|Homeopathy|Stimulant|Stomachic|Tonic,Oil|Oil,흰무늬엉겅퀴
51,51,Ashwagandha,Solanaceae,Withania,somnifera,1,8,HalfHardy|MoistSoil|Fullsun,,Abortifacient|Adaptogen|Antibiotic|Aphrodisiac|Astringent|Deobstruent|Diuretic|Narcotic|Sedative|Tonic,Repellent|Soap,아쉬와간다
52,52,Turnip,Brassicaceae|Cruciferae,Brassica,rapa,3,4,FullyHardy|MoistSoil|Semi|Fullsun,,Cancer|Poultice,Fodder|Insecticide,순무
53,53,Echinacea,Asteraceae|Compositae,Echinacea,purpurea,1,10,FullyHardy|Welldrainedsoil|MoistSoil|Fullsun,,Adaptogen|Alterative|Antiseptic|Aphrodisiac|Depurative|Digestive|Sialagogue|Urinary,,자주루드베키아
54,54,Alpine Lady's Mantle,Rosaceae,Alchemilla,alpina,2,6,FullyHardy|Welldrainedsoil|MoistSoil|Semi|Fullsun,Tea,Alterative|Antirheumatic|Astringent|Diuretic|Emmenagogue|Febrifuge|Sedative|Styptic|Tonic|Vulnerary,,레이디스맨틀
55,55,Green Chireta,Acanthaceae,Andrographis,paniculata,1,8,Tender|MoistSoil|Fullshade|Semi|Fullsun,,Alterative|Analgesic|Anthelmintic|Antibacterial|Antidiarrhoeal|Antihaemorrhoidal|Antiinflammatory|Antipyretic|Antirheumatic|Bitter|Cholera|Diuretic|Dysentery|Febrifuge|Hypoglycaemic|Hypotensive|Malaria|Mouthwash|Poultice|Skin|Stings|Stomachic|Tonic|Vermifuge,Insecticide,천심련
56,56,Greater Celandine,Papaveraceae,Chelidonium,majus,1,6,FullyHardy|MoistSoil|Fullshade|Semi|Fullsun,Oil,Acrid|Alterative|Anodyne|Antispasmodic|Cancer|Cholagogue|Diaphoretic|Diuretic|Hydrogogue|Narcotic|Ophthalmic|Purgative|Stomachic|Warts,Oil,애기똥풀
57,57,Gloriosa Lily,Colchicaceae,Gloriosa,superba,0,8,HalfHardy|MoistSoil|Semi|Fullsun,,Abortifacient|Alterative|Anthelmintic|Antiarthritic|Antiasthmatic|Antihaemorrhoidal|Antiinflammatory|Antiperiodic|Antirheumatic|Cancer|Cholagogue|Decongestant|Eczema|Emetic|Leprosy|Malaria|Odontalgic|Parasiticide|Purgative|Skin|Tonic,Parasiticide,글로리오사수퍼바
58,58,Goosegrass,Rubiaceae,Galium,aparine,2,6,FullyHardy|Welldrainedsoil|MoistSoil|Fullshade|Semi|Fullsun,Coffee|Tea,Alterative|Antiphlogistic|Aperient|Astringent|Cancer|Depurative|Diaphoretic|Diuretic|Eczema|Febrifuge|Homeopathy|Skin|Tonic|Vulnerary,Cleanser|Dye|Filter|Tinder,갈퀴덩쿨
59,59,Gan Cao,Fabaceae|Leguminosae,Glycyrrhiza,uralensis,3,8,FullyHardy|MoistSoil|Semi|Fullsun,Sweetener,Antiphlogistic|Antispasmodic|Antitussive|Cholagogue|Emollient|Expectorant,Insulation,감초
60,60,Chinese Peony,Paeoniaceae,Paeonia,lactiflora,1,6,FullyHardy|Welldrainedsoil|MoistSoil|Semi|Fullsun,,Alterative|Analgesic|Anodyne|Antibacterial|Antiinflammatory|Antiseptic|Antispasmodic|Astringent|Carminative|Diuretic|Emmenagogue|Expectorant|Febrifuge|Hypotensive|Nervine|Tonic,,적작약
61,61,Self-Heal,Lamiaceae|Labiatae,Prunella,vulgaris,2,6,FullyHardy|MoistSoil|Semi|Fullsun,Drink,Alterative|Antibacterial|Antibiotic|Antidiarrhoeal|Antipyretic|Antiseptic|Antispasmodic|Astringent|Carminative|Diuretic|Febrifuge|Hypotensive|Stomachic|Styptic|Tonic|Vermifuge|Vulnerary,Dye,꿀풀
62,62,Curled Dock,Polygonaceae,Rumex,crispus,2,6,FullyHardy|MoistSoil|Semi|Fullsun,Coffee,Alterative|Antiscorbutic|Astringent|Cancer|Cholagogue|Depurative|Homeopathy|Laxative|Poultice|Salve|Tonic,Compost|Dye,소리쟁이
63,63,Welsh Onion,Alliaceae,Allium,fistulosum,5,4,FullyHardy|MoistSoil|Fullsun,,Antibacterial|Antifungal|Antipyretic|Diuretic|Expectorant|Stomachic,Repellent,파
64,64,Korean Mint,Lamiaceae|Labiatae,Agastache,rugosa,4,6,FrostHardy|Welldrainedsoil|MoistSoil|Fullsun,Condiment|Tea,Antibacterial|Antifungal|Antipyretic|Aromatic|Cancer|Carminative|Diaphoretic|Febrifuge|Refrigerant|Stomachic,,배초향
65,65,Grass-leaved Sweet Rush,Araceae,Acorus,gramineus,3,6,FullyHardy|MoistSoil|WetSoil|WaterPlants|Fullsun,Condiment,Anodyne|Antibacterial|Antifungal|Antiperiodic|Antirheumatic|Antispasmodic|Aromatic|Cardiac|Carminative|Diaphoretic|Diuretic|Emmenagogue|Epilepsy|Expectorant|Febrifuge|Parasiticide|Sedative|Stimulant|Stomachic|Tonic|Vermifuge,Essential|Insecticide|Parasiticide|Repellent,석창포
66,66,Cornflower,Asteraceae|Compositae,Centaurea,cyanus,2,4,Welldrainedsoil|MoistSoil|Fullsun,Colouring,Antifungal|Antipruritic|Antirheumatic|Antitussive|Astringent|Diuretic|Emmenagogue|Laxative|Ophthalmic|Purgative|Tonic,Dye|Hair|Ink,수레국화
67,67,Chrysanthemum,Asteraceae|Compositae,Dendranthema,grandiflorum,2,6,FullyHardy|MoistSoil|Fullsun,Tea,Antibacterial|Antifungal|Carminative|Depurative|Diaphoretic|Febrifuge|Ophthalmic|Refrigerant|Sedative,Pollution,국화
68,68,Java Tea,Lamiaceae,Orthosiphon,aristatus,0,8,Tender|MoistSoil|Fullshade|Semi|Fullsun,,Antibacterial|Antibiotic|Antifungal|Antiinflammatory|Antirheumatic|Diuretic|Emetic|Hypoglycaemic|Kidney,Essential,고양이수염
69,69,Radish,Brassicaceae|Cruciferae,Raphanus,sativus,4,6,FullyHardy|MoistSoil|Semi|Fullsun,Oil|Oil,Anthelmintic|Antibacterial|Antifungal|Antiscorbutic|Antispasmodic|Appetizer|Astringent|Cancer|Carminative|Cholagogue|Digestive|Diuretic|Expectorant|Laxative|Poultice|Stomachic,Fodder|Oil|Oil|Repellent,무
70,70,White Mustard,Brassicaceae|Cruciferae,Sinapis,alba,3,6,FullyHardy|MoistSoil|Semi|Fullsun,Condiment|Oil,Antibacterial|Antifungal|Antirheumatic|Appetizer|Carminative|Cathartic|Diaphoretic|Digestive|Diuretic|Emetic|Expectorant|Rubefacient|Stimulant|Vesicant,Oil,백겨자
71,71,Snake Root,Aristolochiaceae,Asarum,canadense,3,6,FullyHardy|MoistSoil|Fullshade|Semi,Condiment,Anthelmintic|Antiasthmatic|Antibiotic|Antitumor|Carminative|Contraceptive|Diaphoretic|Diuretic|Expectorant|Irritant|Poultice|Salve|Stimulant|Stomachic|Tonic,Incense,아사럼
72,72,Persian Onion,Alliaceae,Allium,aflatunense,2,4,FrostHardy|MoistSoil|Fullsun,,Antibiotic,Repellent,아플래툰엔시
73,73,Asparagus,Asparagaceae,Asparagus,officinalis,4,6,FullyHardy|MoistSoil|Semi|Fullsun,Coffee,Antibiotic|Antispasmodic|Aperient|Cancer|Cardiac|Demulcent|Diaphoretic|Diuretic|Laxative|Sedative|Tonic|Urinary,Insecticide,아스파라거스
74,74,Brown Mustard,Brassicaceae|Cruciferae,Brassica,juncea,4,4,FullyHardy|MoistSoil|Semi|Fullsun,Condiment|Oil,Anodyne|Antibiotic|Aperient|Diuretic|Emetic|Galactogogue|Rubefacient|Stimulant,Oil|Repellent,갓
75,75,Sundew,Droseraceae,Drosera,rotundifolia,1,6,FullyHardy|MoistSoil|WetSoil|Fullsun,,Antibacterial|Antibiotic|Antispasmodic|Demulcent|Expectorant|Homeopathy|Hypoglycaemic|Warts,Fungicide,끈끈이주걱
76,76,Sweet Broom,Plantaginaceae,Scoparia,dulcis,2,8,HalfHardy|MoistSoil|Fullsun,Drink,Analgesic|Antibilious|Antibiotic|Antidiarrhoeal|Antidote|Antihaemorrhoidal|Antipyretic|Aphrodisiac|Bitter|Diuretic|Dysentery|Eczema|Emetic|Febrifuge|Hepatic|Hypoglycaemic|Hypotensive|Kidney|Parasiticide|Skin|Stings|Stomachic,Broom|Insecticide|Parasiticide,스윗부름
77,77,Leopard Lily,Iridaceae,Belamcanda,chinensis,1,6,FrostHardy|MoistSoil|Semi|Fullsun,,Abortifacient|Analgesic|Antibacterial|Antidote|Antifungal|Antiinflammatory|Depurative|Expectorant|Febrifuge|Hepatic|Pectoral|Purgative|Stomachic|Tonic,Tannin,범부채(붓꽃과)
78,78,Hyacinth Orchid,Orchidaceae,Bletilla,striata,0,6,FullyHardy|MoistSoil|Semi,Gum,Antibacterial|Antiinflammatory|Antiphlogistic|Demulcent|Pectoral|Skin|Styptic|Vulnerary,Gum|Ink|Size,자란
79,79,Lagos Spinach,Amaranthaceae,Celosia,argenteacristata,4,6,HalfHardy|Welldrainedsoil|MoistSoil|Semi|Fullsun,Oil,Antibacterial|Astringent|Dysentery|Eczema|Haemostatic|Hypotensive|Ophthalmic|Parasiticide,Oil|Parasiticide,맨드라미
80,80,Day Flower,Commelinaceae,Commelina,communis,3,4,FullyHardy|Welldrainedsoil|MoistSoil|Semi|Fullsun,,Antibacterial|Astringent|Depurative|Diuretic|Febrifuge,Dye,데이플라워
81,81,Cumin,Apiaceae|Umbelliferae,Cuminum,cyminum,4,6,HalfHardy|Welldrainedsoil|MoistSoil|Fullsun,Condiment,Antibacterial|Antidiarrhoeal|Antirheumatic|Antispasmodic|Aphrodisiac|Carminative|Galactogogue|Poultice|Stimulant|Stomachic,Essential|Insecticide,커민
82,82,Chinese Pink,Caryophyllaceae,Dianthus,chinensis,0,6,FullyHardy|Welldrainedsoil|MoistSoil|Fullsun,,Anthelmintic|Antibacterial|Antiphlogistic|Diaphoretic|Diuretic|Emmenagogue|Febrifuge|Haemostatic|Ophthalmic|Tonic|Urinary,,패랭이꽃
83,83,Burning Bush,Rutaceae,Dictamnus,albus,2,6,FullyHardy|Welldrainedsoil|MoistSoil|Fullsun,Tea,Abortifacient|Anthelmintic|Antibacterial|Anticonvulsant|Antirheumatic|Antispasmodic|Aromatic|Digestive|Diuretic|Eczema|Emmenagogue|Expectorant|Febrifuge|Galactogogue|Homeopathy|Stimulant|Tonic,Essential,백선
84,84,Vegetable Fern,Athyriaceae,Diplazium,esculentum,4,6,HalfHardy|MoistSoil|Fullshade|Semi,,Analgesic|Anthelmintic|Antibacterial|Antidiarrhoeal|Antiinflammatory|Antitussive|Dysentery|Febrifuge|Laxative|Skin|Tonic,Insecticide,야채고사리
85,85,Barrenwort,Berberidaceae,Epimedium,grandiflorum,2,6,FullyHardy|Welldrainedsoil|MoistSoil|Semi,,Antiasthmatic|Antibacterial|Antirheumatic|Antitussive|Aphrodisiac|Hypoglycaemic|Tonic|Vasodilator,,삼지구엽초
86,86,Rocket,Brassicaceae|Cruciferae,Eruca,vesicariasativa,4,2,FullyHardy|Welldrainedsoil|MoistSoil|Semi|Fullsun,Condiment|Oil|Oil,Antibacterial|Antiscorbutic|Aphrodisiac|Diuretic|Rubefacient|Stimulant|Stomachic,Oil|Oil,루꼴라
87,87,Tsi,Saururaceae,Houttuynia,cordata,4,6,FullyHardy|MoistSoil|WetSoil|WaterPlants|Fullshade|Semi,,Antibacterial|Antidote|Antiinflammatory|Antiphlogistic|Antiviral|Astringent|Depurative|Diuretic|Dysentery|Emmenagogue|Febrifuge|Hypoglycaemic|Laxative|Ophthalmic,,어성초
88,88,Cogongrass,Poaceae|Gramineae,Imperata,cylindrica,3,6,FrostHardy|Welldrainedsoil|MoistSoil|Fullsun,Salt,Anthelmintic|Antibacterial|Antivinous|Astringent|Cancer|Diuretic|Dysentery|Emollient|Febrifuge|Restorative|Sialagogue|Styptic|Tonic|Urinary,Paper|Stuffing|Thatching|Weaving,띠
89,89,Woad,Brassicaceae|Cruciferae,Isatis,tinctoria,2,6,FullyHardy|MoistSoil|Semi|Fullsun,,Antibacterial|Antiviral|Astringent|Cancer,Dye|Preservative,판람근
90,90,Chinese Motherwort,Lamiaceae|Labiatae,Leonurus,sibiricus,2,6,FullyHardy|MoistSoil|Semi|Fullsun,,Antibacterial|Antispasmodic|Astringent|Cardiac|Depurative|Diaphoretic|Diuretic|Eczema|Emmenagogue|Hypnotic|Nervine|Oxytoxic|Stimulant|Stomachic|Tonic,Essential,익모초
91,91,Gayfeather,Asteraceae|Compositae,Liatris,spicata,0,6,FullyHardy|MoistSoil|WetSoil|Semi|Fullsun,,Anodyne|Antibacterial|Astringent|Carminative|Diaphoretic|Diuretic|Emmenagogue|Expectorant|Stimulant|Tonic|VD,Repellent,리아트리스
92,92,Alfalfa,Fabaceae|Leguminosae,Medicago,sativa,4,6,FullyHardy|Welldrainedsoil|MoistSoil|Fullsun,Oil|Tea,Anodyne|Antibacterial|Antiscorbutic|Aperient|Diuretic|Emetic|Febrifuge|Haemostatic|Hypoglycaemic|Nutritive|Stimulant|Tonic,Biomass|Companion|Dye|Hedge|Hedge|Oil|Paper,알팔파
93,93,Sweet Basil,Lamiaceae|Labiatae,Ocimum,basilicum,4,6,Tender|MoistSoil|Fullsun,Condiment|Drink|Tea,Antibacterial|Antidepressant|Antirheumatic|Antispasmodic|Appetizer|Aromatherapy|Aromatic|Carminative|Digestive|Dysentery|Galactogogue|Malaria|Ophthalmic|Stomachic|Tonic,Essential|Repellent|Strewing,바질
94,94,Columbine,Ranunculaceae,Aquilegia,flavescens,2,2,FullyHardy|MoistSoil|Semi|Fullsun,,Antispasmodic|Diaphoretic|Parasiticide|Parasiticide|Resolvent|Salve,Parasiticide|Parasiticide,황색콜럼바인
95,95,Columbine,Ranunculaceae,Aquilegia,jonesii,2,2,FullyHardy|MoistSoil|Semi|Fullsun,,Antispasmodic|Diaphoretic|Parasiticide|Parasiticide|Resolvent|Salve,Parasiticide|Parasiticide,매발톱꽃
96,96,Ramie,Urticaceae,Boehmeria,nivea,2,4,FullyHardy|Welldrainedsoil|MoistSoil|Semi|Fullsun,,Antiphlogistic|Astringent|Demulcent|Diuretic|Febrifuge|Haemostatic|Poultice|Resolvent|Vulnerary,Fibre|Fodder|Paper,모시풀
97,97,Crown Wood-Fern,Dryopteridaceae,Dryopteris,crassirhizoma,1,8,FullyHardy|MoistSoil|Semi,,Analgesic|Depurative|Haemostatic|Resolvent|Vermifuge,,관중
98,98,Crown Imperial,Liliaceae,Fritillaria,imperialis,2,2,FullyHardy|Welldrainedsoil|MoistSoil|Semi|Fullsun,,Diuretic|Emollient|Galactogogue|Resolvent,,임페리얼크라운
99,99,Soya Bean,Fabaceae|Leguminosae,Glycine,max,4,4,FrostHardy|MoistSoil|Fullsun,Coffee|Milk|Oil|Oil,Antidote|Astringent|Diaphoretic|Laxative|Ophthalmic|Resolvent|Stomachic,Biomass|Oil|Oil|Paper,콩
100,100,St. John's Wort,Hypericaceae,Hypericum,perforatum,2,8,FullyHardy|MoistSoil|Semi|Fullsun,Tea,Analgesic|Antidepressant|Antiseptic|Antispasmodic|Aromatic|Astringent|Cholagogue|Digestive|Diuretic|Expectorant|Homeopathy|Nervine|Resolvent|Sedative|Stimulant|Vermifuge|Vulnerary,Dye|Tannin,서양고추나물
101,101,Xuan Fu Hua,Asteraceae|Compositae,Inula,britannica,0,6,FullyHardy|MoistSoil|WetSoil|Fullsun,,Antibacterial|Antiemetic|Cancer|Carminative|Cholagogue|Deobstruent|Depurative|Diuretic|Expectorant|Laxative|Resolvent|Stomachic|Tonic|Vulnerary,,금불초
102,102,White Dead Nettle,Lamiaceae|Labiatae,Lamium,album,2,6,FullyHardy|MoistSoil|Semi|Fullsun,Tea,Antiflatulent|Antispasmodic|Astringent|Cancer|Cholagogue|Depurative|Diuretic|Expectorant|Homeopathy|Hypnotic|Ophthalmic|Pectoral|Resolvent|Sedative|Styptic|Tonic|Vasoconstrictor|Vulnerary,,광대수염
103,103,Herb of Grace,Plantaginaceae,Bacopa,monnieri,3,8,HalfHardy|MoistSoil|WetSoil|Semi|Fullsun,,Antiasthmatic|Antitussive|Aperient|Cancer|Cardiac|Diuretic|Epilepsy|Hypotensive|Infertility|Nervine|Sedative|Skin|Tonic|Vasoconstrictor,,바코파
104,104,Daisy,Asteraceae|Compositae,Bellis,perennis,2,6,FullyHardy|MoistSoil|Semi|Fullsun,,Anodyne|Antidiarrhoeal|Antispasmodic|Antitussive|Cancer|Demulcent|Digestive|Eczema|Emollient|Expectorant|Laxative|Ophthalmic|Purgative|Tonic,Repellent,데이지
105,105,Job's Tears,Poaceae|Gramineae,Coix,lacryma-jobi,3,6,HalfHardy|MoistSoil|Fullsun,Coffee|Tea,Anodyne|Anthelmintic|Antiinflammatory|Antipyretic|Antirheumatic|Antispasmodic|Cancer|Diuretic|Hypoglycaemic|Pectoral|Refrigerant|Sedative|Tonic|Warts,Beads|Fodder|Weaving,율무
106,106,Buckwheat,Polygonaceae,Fagopyrum,esculentum,4,6,Welldrainedsoil|MoistSoil|Fullsun,Rutin,Acrid|Astringent|Eczema|Galactogogue|Vasodilator,Dye,메밀
107,107,Spearmint,Lamiaceae|Labiatae,Mentha,spicata,4,6,FullyHardy|MoistSoil|Semi|Fullsun,Condiment|Tea,Antiemetic|Antiseptic|Antispasmodic|Cancer|Carminative|Diuretic|Poultice|Restorative|Stimulant|Stomachic,Essential|Repellent|Strewing,스피어민트
108,108,Sacred Water Lotus,Nelumbonaceae,Nelumbo,nucifera,4,6,FullyHardy|WaterPlants|Fullsun,Coffee,Antidiarrhoeal|Astringent|Cancer|Cardiotonic|Dysentery|Febrifuge|Hypotensive|Miscellany|Miscellany|Resolvent|Stomachic|Styptic|Tonic|Urinary|Vasodilator,Miscellany|Miscellany,연꽃
109,109,Corn Mint,Lamiaceae|Labiatae,Mentha,arvensis,3,4,FullyHardy|Welldrainedsoil|MoistSoil|Semi|Fullsun,Condiment|Tea,Anaesthetic|Antiphlogistic|Antiseptic|Antispasmodic|Aromatic|Cancer|Carminative|Diaphoretic|Emmenagogue|Febrifuge|Galactofuge|Salve|Stimulant|Stomachic,Essential|Repellent|Strewing,박하
110,110,Parsley,Apiaceae|Umbelliferae,Petroselinum,crispum,4,8,MoistSoil|Semi|Fullsun,Colouring|Tea,Antidandruff|Antispasmodic|Aperient|Cancer|Carminative|Depurative|Digestive|Diuretic|Emmenagogue|Expectorant|Galactofuge|Kidney|Odontalgic|Ophthalmic|Poultice|Skin|Stings|Stomachic|Tonic|Urinary,Essential|Hair|Repellent,파슬리
111,111,Rose Geranium,Geraniaceae,Pelargonium,graveolens,2,6,HalfHardy|Welldrainedsoil|MoistSoil|Fullsun,Condiment|Tea,Antiinflammatory|Antiseptic|Aromatherapy|Astringent|Cancer|Eczema|Sedative,Essential,로즈제라늄
112,112,American Mandrake,Podophyllaceae,Podophyllum,peltatum,2,8,FullyHardy|MoistSoil|Fullshade|Semi,,Antibilious|Cancer|Cathartic|Cytostatic|Homeopathy|Hydrogogue|Purgative|Warts,Insecticide,포도필름
113,113,Prince's Feather,Polygonaceae,Polygonum,orientale,2,4,MoistSoil|Semi|Fullsun,,Anticoagulant|Cancer|Carminative|Febrifuge|Tonic|Vulnerary,,털여뀌
114,114,Provence Rose,Rosaceae,Rosa,centifolia,2,4,FullyHardy|MoistSoil|Semi|Fullsun,Tea,Aromatherapy|Astringent|Cancer|Laxative,Essential,프로방스장미
115,115,Apple Rose,Rosaceae,Rosa,villosa,4,2,FullyHardy|MoistSoil|Semi|Fullsun,Tea,Cancer,Hedge,애플로즈
116,116,Baikal Skullcap,Lamiaceae|Labiatae,Scutellaria,baicalensis,1,6,FullyHardy|Welldrainedsoil|MoistSoil|Semi|Fullsun,Tea,Anodyne|Antibacterial|Anticholesterolemic|Antipyretic|Antispasmodic|Astringent|Cancer|Cholagogue|Diuretic|Dysentery|Expectorant|Febrifuge|Haemostatic|Laxative|Nervine|Sedative|Stomachic|TB|Tonic|Urinary,,황금
117,117,Swiss Chard,Chenopodiaceae,Beta,vulgarisflavescens,4,4,FullyHardy|MoistSoil|Fullsun,,Antitumor|Emmenagogue,Companion,사탕무
118,118,Adzuki Bean,Fabaceae,Vigna,angularis,4,4,Tender|Welldrainedsoil|MoistSoil|Semi|Fullsun,Coffee,Antitumor|Febrifuge|Kidney|Laxative,Cosmetic|Hair,팥
119,119,Sesame,Pedaliaceae,Sesamum,indicum,3,6,Tender|MoistSoil|Fullsun,Condiment|Oil|Oil,Antiasthmatic|Antidiarrhoeal|Antihaemorrhoidal|Antitussive|Astringent|Cholera|Diuretic|Dysentery|Emollient|Galactogogue|Kidney|Laxative|Lenitive|Nutritive|Skin|Tonic,Hair|Insecticide|Lighting|Oil|Oil,참깨
120,120,Alpine Leek,Alliaceae,Allium,victorialis,4,4,FullyHardy|Welldrainedsoil|MoistSoil|Fullsun,,Antiscorbutic|Carminative|Diuretic|Vermifuge,Repellent,산마늘
121,121,Cuckoo Flower,Brassicaceae|Cruciferae,Cardamine,pratensis,3,4,FullyHardy|MoistSoil|WetSoil|Semi|Fullsun,,Antirheumatic|Antiscorbutic|Antispasmodic|Carminative|Digestive|Diuretic|Stimulant,,꽃냉이
122,122,Flixweed,Brassicaceae|Cruciferae,Descurainia,sophia,2,4,MoistSoil|Semi|Fullsun,Condiment,Antiasthmatic|Antiscorbutic|Antitussive|Astringent|Cardiotonic|Demulcent|Diuretic|Dysentery|Febrifuge|Laxative|Poultice|Vermifuge,Preservative,재쑥
123,123,Creeping Jenny,Primulaceae,Lysimachia,nummularia,1,4,FullyHardy|MoistSoil|WetSoil|WaterPlants|Semi|Fullsun,Tea,Antidiarrhoeal|Antiscorbutic|Astringent|Diuretic|Vulnerary,,리시마키아
124,124,Watercress,Brassicaceae|Cruciferae,Nasturtium,officinale,4,6,FullyHardy|WetSoil|WaterPlants|Fullsun,Condiment,Antirheumatic|Antiscorbutic|Appetizer|Depurative|Diuretic|Expectorant|Hypoglycaemic|Miscellany|Odontalgic|Purgative|Stimulant|Stomachic|TB,Hair|Miscellany,물냉이
125,125,Hyssop,Lamiaceae|Labiatae,Hyssopus,officinalis,2,6,FullyHardy|Welldrainedsoil|MoistSoil|Fullsun,Condiment|Oil,Antiseptic|Aromatherapy|Astringent|Carminative|Diaphoretic|Emmenagogue|Expectorant|Pectoral|Stimulant|Stomachic|Tonic|Vasodilator,Essential|Fungicide|Hedge|Hedge|Oil|Repellent|Strewing,히솝
126,126,Cheeseweed,Malvaceae,Malva,parviflora,3,4,MoistSoil|Semi|Fullsun,Oil,Antidandruff|Demulcent|Emollient|Pectoral|Skin,Dye|Hair|Oil,애기아욱
127,127,Wild Bergamot,Lamiaceae|Labiatae,Monarda,fistulosa,3,4,FullyHardy|Welldrainedsoil|MoistSoil|Fullsun,Condiment|Tea,Carminative|Diaphoretic|Diuretic|Pectoral|Stimulant,Repellent,베르가못
128,128,Willow Grass,Polygonaceae,Polygonum,amphibium,1,4,FullyHardy|WetSoil|WaterPlants|Semi|Fullsun,,Astringent|Depurative|Pectoral|Poultice|Skin,Tannin,물여뀌
129,129,Clary,Lamiaceae|Labiatae,Salvia,sclarea,2,4,FullyHardy|Welldrainedsoil|MoistSoil|Fullsun,Condiment|Oil,Antispasmodic|Appetizer|Aromatherapy|Aromatic|Astringent|Balsamic|Carminative|Ophthalmic|Pectoral|Tonic,Essential|Oil,클라리세이지
130,130,Ku Shen,Fabaceae|Leguminosae,Sophora,flavescens,0,6,FullyHardy|MoistSoil|Fullsun,,Anthelmintic|Antibacterial|Antifungal|Antipruritic|Astringent|Bitter|Carminative|Diuretic|Dysentery|Eczema|Febrifuge|Leprosy|Parasiticide|Parasiticide|Pectoral|Stomachic|Tonic|Urinary,Insecticide|Parasiticide|Parasiticide,고삼
131,131,Wooly Mullein,Scrophulariaceae,Verbascum,phlomoides,0,6,FullyHardy|Welldrainedsoil|MoistSoil|Fullsun,,Anodyne|Antiseptic|Demulcent|Diuretic|Expectorant|Pectoral|Vermifuge,Repellent,뮬레인
132,132,Niu Xi,Amaranthaceae,Achyranthes,bidentata,2,6,FrostHardy|MoistSoil|Semi|Fullsun,,Anodyne|Antiasthmatic|Antiinflammatory|Antirheumatic|Bitter|Digestive|Diuretic|Emmenagogue|Odontalgic|Vasodilator,Insecticide|Teeth,쇠무릎
133,133,Yerba Santa,Hydrophyllaceae,Eriodictyon,californicum,2,6,FrostHardy|Welldrainedsoil|MoistSoil|Fullsun,Condiment|Tea,Antiasthmatic|Expectorant|Pectoral|Tonic,Weaving,여바산타
134,134,Heartsease,Violaceae,Viola,tricolor,2,6,FullyHardy|MoistSoil|Semi|Fullsun,Tea,Anodyne|Antiasthmatic|Antiinflammatory|Antiseborrheic|Antispasmodic|Cardiac|Demulcent|Depurative|Diaphoretic|Diuretic|Eczema|Emetic|Emollient|Epilepsy|Expectorant|Homeopathy|Laxative|Vulnerary,Dye|Litmus,삼색제비꽃
135,135,Asthma Weed,Euphorbiaceae,Euphorbia,hirta,1,6,Welldrainedsoil|MoistSoil|Fullsun,,Anodyne|Antiasthmatic|Antipruritic|Carminative|Depurative|Diuretic|Dysentery|Febrifuge|Galactogogue|Purgative|VD|Vermifuge|Warts,,혹대극
136,136,White Trumpet Lily,Liliaceae,Lilium,longiflorum,3,4,FullyHardy|MoistSoil|Semi|Fullsun,,Antiasthmatic|Antitussive|Expectorant|Sedative,Essential,백합
137,137,Sweet Flag,Araceae,Acorus,calamus,3,8,FullyHardy|WetSoil|WaterPlants|Fullsun,Condiment,Abortifacient|Anodyne|Antirheumatic|Aphrodisiac|Aromatic|Carminative|Diaphoretic|Emmenagogue|Epilepsy|Febrifuge|Hallucinogenic|Homeopathy|Odontalgic|Sedative|Stimulant|Stomachic|Tonic|Vermifuge,Basketry|Incense|Insecticide|Repellent|Strewing|Thatching|Weaving,창포
138,138,Bugle,Lamiaceae|Labiatae,Ajuga,reptans,2,6,FullyHardy|Welldrainedsoil|MoistSoil|WetSoil|Fullshade|Semi|Fullsun,,Aromatic|Astringent|Bitter|Homeopathy,,아주가
139,139,Dill,Apiaceae|Umbelliferae,Anethum,graveolens,4,6,FrostHardy|MoistSoil|Fullsun,Condiment|Tea,Antihalitosis|Aromatic|Carminative|Diuretic|Galactogogue|Stimulant|Stomachic,Essential|Insecticide,딜
140,140,Caraway,Apiaceae|Umbelliferae,Carum,carvi,4,6,MoistSoil|Semi|Fullsun,Condiment|Tea,Antiseptic|Antispasmodic|Aromatic|Carminative|Digestive|Emmenagogue|Expectorant|Galactogogue|Ophthalmic|Parasiticide|Stimulant,Essential|Parasiticide,캐러웨이
141,141,Centaury,Gentianaceae,Centaurium,erythraea,1,6,Welldrainedsoil|MoistSoil|Semi|Fullsun,Condiment,Appetizer|Aromatic|Bach|Bitter|Cholagogue|Diaphoretic|Digestive|Emetic|Febrifuge|Hepatic|Homeopathy|Poultice|Stomachic|Tonic,Dye,센토리
142,142,Chop-Suey Greens,Asteraceae|Compositae,Chrysanthemum,coronarium,3,4,MoistSoil|Semi|Fullsun,,Aromatic|Bitter|Expectorant|Purgative|Stomachic|VD,Companion|Repellent,쑥갓
143,143,Coriander,Apiaceae|Umbelliferae,Coriandrum,sativum,4,8,FullyHardy|Welldrainedsoil|MoistSoil|Semi|Fullsun,Condiment|Oil,Antidiarrhoeal|Antihalitosis|Appetizer|Aromatherapy|Aromatic|Carminative|Depurative|Expectorant|Narcotic|Stimulant|Stomachic,Essential|Fuel|Fungicide|Insecticide|Oil|Repellent,고수
144,144,Nut Grass,Cyperaceae,Cyperus,rotundus,3,6,MoistSoil|WetSoil|Fullsun,,Analgesic|Antibacterial|Antibiotic|Antispasmodic|Antitussive|Aromatic|Astringent|Carminative|Contraceptive|Diaphoretic|Diuretic|Emmenagogue|Lithontripic|Sedative|Skin|Stimulant|Stomachic|Tonic|Vermifuge,Essential|Weaving,향부자
145,145,Checkerberry,Ericaceae,Gaultheria,procumbens,4,6,FullyHardy|Welldrainedsoil|MoistSoil|Fullshade|Semi,Condiment|Tea,Analgesic|Antiinflammatory|Antirheumatic|Aromatic|Astringent|Carminative|Diuretic|Emmenagogue|Stimulant|Tonic,Essential,가울테리아
146,146,Water Avens,Rosaceae,Geum,rivale,3,4,FullyHardy|MoistSoil|WetSoil|Semi|Fullsun,Chocolate|Condiment|Drink,Antidiarrhoeal|Antiinflammatory|Antiseptic|Aromatic|Astringent|Diaphoretic|Febrifuge|Stomachic|Styptic|Tonic,Repellent,풍경뱀무
147,147,Wood Avens,Rosaceae,Geum,urbanum,3,6,FullyHardy|MoistSoil|Semi|Fullsun,Condiment|Drink,Antidiarrhoeal|Antiinflammatory|Antiseptic|Aromatic|Astringent|Diaphoretic|Febrifuge|Skin|Stomachic|Styptic|Tonic,Repellent|Tannin,허브베니트
148,148,Levant cotton,Malvaceae,Gossypium,herbaceum,3,6,Tender|MoistSoil|Semi|Fullsun,Coffee|Oil,Abortifacient|Antibacterial|Antiinflammatory|Antiviral|Aromatic|Astringent|Dysentery|Febrifuge|Skin,Dye|Fertilizer|Fibre|Oil|Paper|Soap|String|Stuffing,고시폴|초면
149,149,Levant cotton,Malvaceae,Gossypium,herbaceum,3,6,Tender|MoistSoil|Semi|Fullsun,Coffee|Oil,Abortifacient|Antibacterial|Antiinflammatory|Antiviral|Aromatic|Astringent|Dysentery|Febrifuge|Skin,Dye|Fertilizer|Fibre|Oil|Paper|Soap|String|Stuffing,고시폴|초면
150,150,English Lavender,Lamiaceae|Labiatae,Lavandula,angustifolia,2,6,FullyHardy|Welldrainedsoil|MoistSoil|Fullsun,Condiment|Tea,Antianxiety|Antihalitosis|Antiseptic|Antispasmodic|Appetizer|Aromatherapy|Aromatic|Carminative|Cholagogue|Diuretic|Nervine|Sedative|Stimulant|Stomachic|Tonic,Companion|Essential|Hedge|Incense|Repellent,라벤더
151,151,Melilot,Fabaceae|Leguminosae,Melilotus,officinalis,2,6,Welldrainedsoil|MoistSoil|Fullsun,Condiment,Antispasmodic|Aromatic|Carminative|Diuretic|Emollient|Expectorant|Ophthalmic|Vulnerary,Repellent,옐로우스위트클로버
152,152,Sweet Cicely,Apiaceae|Umbelliferae,Myrrhis,odorata,4,6,FullyHardy|MoistSoil|Semi|Fullsun,Tea,Antiseptic|Aromatic|Carminative|Expectorant|Stomachic,Polish,시슬리
153,153,Bush Basil,Lamiaceae|Labiatae,Ocimum,minimum,4,6,Tender|MoistSoil|Fullsun,Condiment|Drink|Tea,Antispasmodic|Aromatic|Carminative|Galactogogue|Ophthalmic|Stomachic|Warts,Essential|Repellent,부쉬바질
154,154,Rosemary,Lamiaceae|Labiatae,Rosmarinus,officinalis,3,6,FullyHardy|Welldrainedsoil|MoistSoil|Fullsun,Condiment|Tea,Antiseptic|Antispasmodic|Appetizer|Aromatherapy|Aromatic|Astringent|Cardiac|Carminative|Cholagogue|Diaphoretic|Emmenagogue|Nervine|Ophthalmic|Stimulant|Stomachic|Tonic,Dye|Essential|Hair|Hedge|Hedge|Incense|Repellent,로즈마리
155,155,Summer Savory,Lamiaceae,Satureja,hortensis,3,4,FullyHardy|Welldrainedsoil|MoistSoil|Fullsun,Condiment|Tea,Antirheumatic|Antiseptic|Aromatic|Carminative|Digestive|Expectorant|Stings|Stomachic,Essential|Repellent,세이보리
156,156,Goldenrod,Asteraceae|Compositae,Solidago,virgaurea,1,6,FullyHardy|Welldrainedsoil|MoistSoil|Semi|Fullsun,Tea,Anthelmintic|Anticoagulant|Antifungal|Antiinflammatory|Antirheumatic|Antiseptic|Aromatic|Astringent|Carminative|Diaphoretic|Diuretic|Febrifuge|Hypoglycaemic|Stimulant|TB|Urinary,Dye,울릉미역취
157,157,African Marigold,Asteraceae|Compositae,Tagetes,erecta,3,6,FullyHardy|Welldrainedsoil|MoistSoil|Fullsun,Colouring|Condiment,Anthelmintic|Aromatic|Carminative|Digestive|Diuretic|Dysentery|Eczema|Emmenagogue|Laxative|Ophthalmic|Sedative|Skin|Stomachic,Companion|Dye|Insecticide|Repellent,메리골드
158,158,Muster-John-Henry,Asteraceae|Compositae,Tagetes,minuta,2,4,HalfHardy|Welldrainedsoil|MoistSoil|Fullsun,Condiment,Anthelmintic|Antispasmodic|Aromatic|Diaphoretic|Digestive|Diuretic|Purgative|Stomachic,Companion|Dye|Essential|Herbicide|Insecticide|Repellent,청하향초
159,159,French Marigold,Asteraceae|Compositae,Tagetes,patula,2,4,FullyHardy|Welldrainedsoil|MoistSoil|Fullsun,Colouring|Condiment|Drink,Aromatic|Digestive|Diuretic|Dysentery|Sedative,Companion|Dye|Essential|Insecticide|Repellent,만수국
160,160,Ajowan caraway,Apiaceae|Umbelliferae,Trachyspermum,ammi,2,6,MoistSoil|Fullsun,Condiment,Antiseptic|Antispasmodic|Aromatic|Bitter|Cholera|Diaphoretic|Digestive|Diuretic|Expectorant|Tonic,Essential,아지바인
161,161,Ginger: Common,Zingiberaceae,Zingiber,officinale,4,10,HalfHardy|MoistSoil|Semi|Fullsun,Condiment|Drink|Oil|Tea,Antibilious|Antirheumatic|Antitussive|Aromatic|Diaphoretic|Digestive|Expectorant|Stimulant,Cosmetic|Essential|Oil,생강
162,162,White Melilot,Fabaceae|Leguminosae,Melilotus,albus,2,4,Welldrainedsoil|MoistSoil|Fullsun,Condiment|Oil,Anticoagulant|Aromatic|Carminative|Emollient|Poultice,Oil|Repellent,흰전동싸리
163,163,Summer Savory,Lamiaceae,Satureja,hortensis,3,4,FullyHardy|Welldrainedsoil|MoistSoil|Fullsun,Condiment|Tea,Antirheumatic|Antiseptic|Aromatic|Carminative|Digestive|Expectorant|Stings|Stomachic,Essential|Repellent,세이보리
164,164,Sea Holly,Apiaceae|Umbelliferae,Eryngium,maritimum,3,6,FullyHardy|Welldrainedsoil|MoistSoil|Fullsun,,Aphrodisiac|Aromatic|Diaphoretic|Diuretic|Expectorant|Stimulant|Tonic,,에린기움
165,165,Goldencup St. Johnswort,Hypericaceae,Hypericum,patulum,0,2,FullyHardy|MoistSoil|Semi|Fullsun,,Aromatic|Stimulant,Hedge|Hedge|Wood,망종화(금사매)
166,166,Common Blue Wood Aster,Asteraceae|Compositae,Aster,cordifolius,2,2,FullyHardy|MoistSoil|Fullsun,,Antirheumatic|Aromatic|Nervine,,아스터코르디폴리우스
167,167,Large-Flowered Calamint,Lamiaceae|Labiatae,Calamintha,grandiflora,2,4,FullyHardy|Welldrainedsoil|MoistSoil|Semi|Fullsun,Condiment|Tea,Aromatic|Diaphoretic|Expectorant,,큰꽃개박하
168,168,Calamint,Lamiaceae|Labiatae,Calamintha,sylvatica,3,4,FullyHardy|Welldrainedsoil|MoistSoil|Semi|Fullsun,Condiment|Tea,Aromatic|Diaphoretic|Expectorant|Stomachic,,레서바질
169,169,Bearberry,Ericaceae,Arctostaphylos,uva-ursi,3,8,FullyHardy|MoistSoil|Fullshade|Semi|Fullsun,Tea,Antiseptic|Astringent|Diuretic|Hypnotic|Kidney|Lithontripic|Poultice|Skin|Tonic|Urinary,Beads|Dye|Pioneer|Tannin|Waterproofing,곰들쭉
170,170,Lettuce,Asteraceae|Compositae,Lactuca,sativa,3,6,FullyHardy|MoistSoil|Semi|Fullsun,Oil,Anaphrodisiac|Anodyne|Antispasmodic|Carminative|Diuretic|Emollient|Expectorant|Febrifuge|Galactogogue|Hypnotic|Hypoglycaemic|Narcotic|Parasiticide|Parasiticide|Sedative,Hair|Oil|Parasiticide|Parasiticide,상추
171,171,Chinese Motherwort,Lamiaceae|Labiatae,Leonurus,sibiricus,2,6,FullyHardy|MoistSoil|Semi|Fullsun,,Antibacterial|Antispasmodic|Astringent|Cardiac|Depurative|Diaphoretic|Diuretic|Eczema|Emmenagogue|Hypnotic|Nervine|Oxytoxic|Stimulant|Stomachic|Tonic,Essential,익모초
172,172,Bogbean,Menyanthaceae,Menyanthes,trifoliata,2,6,FullyHardy|WetSoil|WaterPlants|Fullsun,Condiment,Antiinflammatory|Appetizer|Astringent|Carminative|Cathartic|Deobstruent|Digestive|Diuretic|Dysentery|Emetic|Emmenagogue|Febrifuge|Hypnotic|Stomachic|Tonic,,조름나물
173,173,Rauwolfia,Apocynaceae,Rauvolfia,serpentina,0,8,Tender|MoistSoil|Semi|Fullsun,,Antidote|Hypnotic|Hypotensive|Ophthalmic|Sedative|Skin,,인도사목
174,174,Bog Bilberry,Ericaceae,Vaccinium,uliginosum,3,2,FullyHardy|MoistSoil|WetSoil|Semi|Fullsun,Tea,Antidiarrhoeal|Antiseptic|Astringent|Carminative|Hypnotic|Hypoglycaemic,,들쭉나무
175,175,Golden Alexanders,Apiaceae|Umbelliferae,Zizia,aurea,2,2,FullyHardy|MoistSoil|Fullsun,,Febrifuge|Hypnotic|Vulnerary,,지지아아우레아
176,176,Valerian,Valerianaceae,Valeriana,officinalis,2,6,FullyHardy|MoistSoil|Fullsun,Condiment|Tea,Anticonvulsant|Antispasmodic|Carminative|Diuretic|Eczema|Hypnotic|Nervine|Sedative|Stimulant,Compost|Essential|Repellent,설령쥐오줌풀
177,177,Large-Flowered Calamint,Lamiaceae|Labiatae,Calamintha,grandiflora,2,4,FullyHardy|Welldrainedsoil|MoistSoil|Semi|Fullsun,Condiment|Tea,Aromatic|Diaphoretic|Expectorant,,큰꽃개박하
178,178,Pheasant's Eye,Ranunculaceae,Adonis,aestivalis,0,2,FullyHardy|MoistSoil|Semi|Fullsun,,Cardiotonic|Diuretic|Laxative|Lithontripic,,붉은복수초
179,179,Nodding Onion,Alliaceae,Allium,cernuum,5,4,FullyHardy|MoistSoil|Fullsun,,Lithontripic|Poultice,Repellent,끄덕임양파
180,180,Globe Artichoke,Asteraceae|Compositae,Cynara,scolymus,3,10,FullyHardy|MoistSoil|Fullsun,,Anticholesterolemic|Antirheumatic|Appetizer|Cholagogue|Digestive|Diuretic|Hypoglycaemic|Lithontripic,Dye,아티초크
181,181,Lady's Bedstraw,Rubiaceae,Galium,verum,3,4,FullyHardy|Welldrainedsoil|MoistSoil|Semi|Fullsun,Coffee|Colouring|Drink,Antispasmodic|Astringent|Diuretic|Epilepsy|Lithontripic|Urinary|Vulnerary,Dye|Repellent|Strewing|Stuffing,솔나물
182,182,Yellow Sorrel,Oxalidaceae,Oxalis,corniculata,2,4,FullyHardy|Welldrainedsoil|MoistSoil|Fullsun,Gum,Anthelmintic|Antiphlogistic|Antiscorbutic|Astringent|Depurative|Diuretic|Emmenagogue|Febrifuge|Lithontripic|Miscellany|Stomachic|Styptic|Urinary,Dye|Gum|Miscellany,괭이밥
183,183,Knotweed,Polygonaceae,Polygonum,aviculare,2,6,FullyHardy|MoistSoil|Semi|Fullsun,Tea,Anthelmintic|Antiphlogistic|Astringent|Cardiotonic|Cholagogue|Diuretic|Dysentery|Emetic|Emollient|Expectorant|Febrifuge|Haemostatic|Lithontripic|Purgative|TB|Vasoconstrictor|Vulnerary,Dye,마디풀
184,184,Foamflower,Saxifragaceae,Tiarella,cordifolia,0,4,FullyHardy|MoistSoil|Fullshade|Semi,,Diuretic|Hepatic|Lithontripic|Poultice|Stomachic|Tonic,,매화헐떡이풀
185,185,Stinking Cassia,Fabaceae|Leguminosae,Senna,tora,1,6,MoistSoil|Semi|Fullsun,Coffee,Anthelmintic|Anticholesterolemic|Antispasmodic|Carminative|Febrifuge|Hepatic|Leprosy|Ophthalmic|Parasiticide|Purgative,Parasiticide|Tannin,결명자
186,186,Pennycress,Brassicaceae|Cruciferae,Thlaspi,arvense,2,4,FullyHardy|MoistSoil|Fullsun,Condiment|Oil,Antibacterial|Antidote|Antiinflammatory|Antirheumatic|Diaphoretic|Diuretic|Expectorant|Febrifuge|Hepatic|Ophthalmic|Tonic,Oil,말냉이
187,187,Crested Iris,Iridaceae,Iris,cristata,1,2,MoistSoil|Semi|Fullsun,,Hepatic|Poultice,,난쟁이붓꽃
188,188,Yellow Toadflax,Scrophulariaceae,Linaria,vulgaris,1,4,FullyHardy|Welldrainedsoil|MoistSoil|Semi|Fullsun,,Antiphlogistic|Astringent|Cathartic|Detergent|Diuretic|Hepatic|Homeopathy|Ophthalmic|Purgative,Dye|Insecticide,좁은잎해란초
189,189,Eastern Valerian,Valerianaceae,Patrinia,scabiosifolia,1,6,MoistSoil|Fullsun,,Antibacterial|Anticoagulant|Antidote|Antiphlogistic|Antispasmodic|Depurative|Diuretic|Febrifuge|Haemostatic|Hepatic|Parasiticide|Resolvent,Parasiticide,마타리
190,190,Bog Wintergreen,Pyrolaceae,Pyrola,asarifolia,0,2,FullyHardy|MoistSoil|Fullshade|Semi|Fullsun,,Antirheumatic|Haemostatic|Hepatic|Ophthalmic,,분홍노루발
191,191,Mao Gen,Ranunculaceae,Ranunculus,japonicus,1,2,MoistSoil|Semi|Fullsun,,Antiperiodic|Antitumor|Decongestant|Malaria|Vermifuge,,미나리아재비
192,192,American Blue Vervain,Verbenaceae,Verbena,hastata,1,4,FullyHardy|MoistSoil|Fullsun,Tea,Antiperiodic|Diaphoretic|Emetic|Expectorant|Tonic|Vermifuge|Vulnerary,,버베나하스타타
193,193,,Asteraceae|Compositae,Gnaphalium,affine,1,4,Welldrainedsoil|MoistSoil|Semi|Fullsun,,Antiperiodic|Antitussive|Expectorant|Febrifuge,Tinder,떡쑥
194,194,Buck's-Horn Plantain,Plantaginaceae,Plantago,coronopus,3,4,FullyHardy|Welldrainedsoil|MoistSoil|Fullsun,,Antiperiodic|Laxative|Ophthalmic,,녹각질경이
195,195,,Convallariaceae,Polygonatum,humile,2,2,FullyHardy|MoistSoil|Fullshade|Semi,,Antiperiodic|Antirheumatic|Demulcent|Refrigerant|Sedative|Sialagogue|Tonic,,각시둥굴레
196,196,Solomon's Seal,Convallariaceae,Polygonatum,odoratum,2,6,FullyHardy|Welldrainedsoil|MoistSoil|Fullshade|Semi,,Antiperiodic|Antitussive|Cardiotonic|Demulcent|Diuretic|Hypoglycaemic|Miscellany|Ophthalmic|Resolvent|Sedative|Tonic,Miscellany,둥굴레
197,197,Sneeze-Wort,Asteraceae|Compositae,Achillea,ptarmica,2,2,FullyHardy|MoistSoil|Fullsun,,Antidiarrhoeal|Antiemetic|Antiflatulent|Antirheumatic|Appetizer|Cardiac|Diaphoretic|Digestive|Emmenagogue|Miscellany|Odontalgic|Sternutatory|Styptic,Essential|Hair|Miscellany|Repellent,큰톱풀
198,198,Anise Hyssop,Lamiaceae|Labiatae,Agastache,foeniculum,5,2,FrostHardy|Welldrainedsoil|MoistSoil|Fullsun,Drink|Tea,Cardiac|Diaphoretic|Pectoral|Poultice,,아니스히솝(우슬초)
199,199,Chicory,Asteraceae|Compositae,Cichorium,intybus,4,6,FullyHardy|MoistSoil|Fullsun,Coffee,Appetizer|Bach|Cardiac|Cholagogue|Depurative|Digestive|Diuretic|Hypoglycaemic|Laxative|Tonic|Warts,Biomass|Compost,치커리
200,200,Bluebeard,Convallariaceae,Clintonia,borealis,2,2,FullyHardy|MoistSoil|Fullshade|Semi,,Cardiac|Disinfectant|Poultice,Disinfectant|Repellent,나도옥잠화
201,201,Field Horsetail,Equisetaceae,Equisetum,arvense,2,6,FullyHardy|Welldrainedsoil|MoistSoil|Semi|Fullsun,,Anodyne|Antirheumatic|Antiseptic|Astringent|Cardiac|Carminative|Diaphoretic|Diuretic|Eczema|Galactogogue|Haemostatic|Homeopathy|Nervine|TB|Urinary|Vulnerary,Dye|Fungicide|Musical|Paper|Polish|Sandpaper|Scourer,쇠뜨기
202,202,Sweet Woodruff,Rubiaceae,Galium,odoratum,3,6,FullyHardy|Welldrainedsoil|MoistSoil|Fullshade|Semi,Condiment|Drink|Tea,Antispasmodic|Cardiac|Diaphoretic|Diuretic|Homeopathy|Sedative,Dye|Repellent|Strewing,선갈퀴
203,203,Tiger Lily,Liliaceae,Lilium,lancifolium,4,4,FullyHardy|MoistSoil|Semi|Fullsun,,Antiinflammatory|Cardiac|Carminative|Diuretic|Emmenagogue|Emollient|Expectorant|Ophthalmic,,참나리
204,204,Tomato,Solanaceae,Solanum,lycopersicum,5,6,Tender|MoistSoil|Fullsun,Drink|Oil,Antirheumatic|Leprosy|Odontalgic|Skin,Companion|Cosmetic|Insecticide|Oil|Repellent|Teeth,방울토마토
205,205,Che Qian Zi,Plantaginaceae,Plantago,asiatica,1,6,FullyHardy|MoistSoil|Semi|Fullsun,,Antibacterial|Antiinflammatory|Antiseptic|Antitussive|Cardiac|Diuretic|Expectorant|Haemostatic|Laxative,,질경이
206,206,Chinese Foxglove,Gesneriaceae,Rehmannia,glutinosa,1,6,HalfHardy|MoistSoil|Semi|Fullsun,,Antiseptic|Cardiac|Diuretic|Eczema|Febrifuge|Haemostatic|Hypoglycaemic|Skin|Tonic,,지황
207,207,,Convallariaceae,Rohdea,japonica,0,4,FullyHardy|MoistSoil|Semi,,Cardiac|Depurative|Diuretic|Febrifuge|Nervine|Poultice,Insecticide,만년청
208,208,Damask Rose,Rosaceae,Rosa,damascena,2,2,FullyHardy|MoistSoil|Semi|Fullsun,Condiment,Aperient|Astringent|Cancer|Cardiac|Tonic,Essential,다마스크장미
209,209,wonder violet,Violaceae,Viola,mirabilis,3,2,FullyHardy|MoistSoil|Semi|Fullsun,Tea,Cardiac,,넓은잎제비꽃
210,210,Mistletoe,Viscaceae,Viscum,album,1,6,FullyHardy|MoistSoil|Semi|Fullsun,,Antianxiety|Anticonvulsant|Antidiarrhoeal|Antispasmodic|Cardiac|Cytostatic|Diuretic|Epilepsy|Hypotensive|Narcotic|Nervine|Stimulant|Tonic|Vasodilator,,겨우살이
211,211,Leek,Alliaceae,Allium,porrum,4,4,FullyHardy|MoistSoil|Fullsun,,Anthelmintic|Antiasthmatic|Anticholesterolemic|Antiseptic|Antispasmodic|Cholagogue|Diaphoretic|Diuretic|Expectorant|Febrifuge|Stimulant|Stings|Stomachic|Tonic|Vasodilator,Repellent,리크
212,212,Yin Chen Hao,Asteraceae|Compositae,Artemisia,capillaris,1,6,FullyHardy|Welldrainedsoil|MoistSoil|Semi|Fullsun,,Antibacterial|Anticholesterolemic|Antiviral|Cholagogue|Diuretic|Febrifuge|Hepatic|Vasodilator,,사철쑥
213,213,,Onagraceae,Oenothera,odorata,1,0,FullyHardy|Welldrainedsoil|MoistSoil|Fullsun,,,,달맞이꽃
214,214,Blond Psyllium,Plantaginaceae,Plantago,ovata,2,6,Welldrainedsoil|MoistSoil|Fullsun,Stabilizer,Anticholesterolemic|Antidiarrhoeal|Demulcent|Dysentery|Laxative|Urinary,Starch,흰털질경이
215,215,Balloon Flower,Campanulaceae,Platycodon,grandiflorus,2,6,FullyHardy|MoistSoil|Semi|Fullsun,Condiment,Anthelmintic|Anticholesterolemic|Antiphlogistic|Antitussive|Astringent|Expectorant|Haemolytic|Hypoglycaemic|Sedative|Stomachic|Tonic,,도라지
216,216,Aubergine,Solanaceae,Solanum,melongena,3,4,HalfHardy|MoistSoil|Fullsun,,Anticholesterolemic|Antidote|Astringent|Narcotic|Poultice,,가지
217,217,German Garlic,Alliaceae,Allium,senescens,4,4,FullyHardy|Welldrainedsoil|MoistSoil|Fullsun,,,Repellent,두메부추
218,218,Large Campanula,Campanulaceae,Campanula,latifolia,3,2,FullyHardy|Welldrainedsoil|MoistSoil|Fullshade|Semi,,Emetic,,라티폴리아
219,219,Indian Shot,Cannaceae,Canna,indica,4,4,FrostHardy|MoistSoil|Fullsun,,Demulcent|Diaphoretic|Diuretic|VD,Dye|Fibre|Insecticide|Paper,인도칸나
220,220,Trout Lily,Liliaceae,Erythronium,americanum,4,2,FullyHardy|MoistSoil|Semi,,Antiscrophulatic|Contraceptive|Emetic|Emollient|Poultice,,노란송어릴리
221,221,Fire Lily,Liliaceae,Lilium,bulbiferum,3,0,FullyHardy|MoistSoil|Semi|Fullsun,,,,오렌지백합
222,222,Madonna Lily,Liliaceae,Lilium,candidum,3,4,FullyHardy|MoistSoil|Semi|Fullsun,,Astringent|Demulcent|Emmenagogue|Emollient|Epilepsy|Expectorant,Essential,마돈나릴리
223,223,Oriental Lily,Liliaceae,Lilium,speciosum,2,2,FullyHardy|MoistSoil|Semi|Fullsun,,,,응달나리
224,224,Tiger Flower,Iridaceae,Tigridia,pavonia,3,2,FrostHardy|Welldrainedsoil|MoistSoil|Fullsun,,Infertility,,타이거플라워
225,225,Spikenard,Valerianaceae,Nardostachys,grandiflora,1,6,MoistSoil|Semi|Fullsun,Condiment,Antispasmodic|Carminative|Deobstruent|Deodorant|Diuretic|Emmenagogue|Epilepsy|Laxative|Nervine|Sedative|Stimulant|Stomachic,Deodorant|Essential|Hair|Incense,스파이크라드
226,226,Caraway Thyme,Lamiaceae|Labiatae,Thymus,herba-barona,3,4,Welldrainedsoil|MoistSoil|Fullsun,Condiment,Antiseptic|Deodorant|Disinfectant,Deodorant|Disinfectant|Essential,카펫타임
227,227,Broad-Leaved Thyme,Lamiaceae|Labiatae,Thymus,pulegioides,2,4,FullyHardy|Welldrainedsoil|MoistSoil|Fullsun,Condiment,Antiseptic|Deodorant|Disinfectant|Expectorant,Deodorant|Disinfectant|Essential,레몬백리향
228,228,Lemon Thyme,Lamiaceae|Labiatae,Thymus,citriodorus,4,4,FullyHardy|Welldrainedsoil|MoistSoil|Fullsun,Tea,Antiseptic|Aromatherapy|Deodorant|Disinfectant,Deodorant|Disinfectant|Essential,레몬타임
229,229,Ice Plant,Aizoaceae,Mesembryanthemum,crystallinum,3,2,HalfHardy|Welldrainedsoil|MoistSoil|Fullsun,,Demulcent|Diuretic|Dysentery|Urinary,Soap,아이스플랜트
230,230,Maidenhair Vine,Polygonaceae,Muehlenbeckia,complexa,3,0,FrostHardy|MoistSoil|Semi|Fullsun,,,Hedge|Hedge,뮬렌베키아
231,231,Cabbage,Brassicaceae|Cruciferae,Brassica,oleraceacapitata,4,0,FrostHardy|MoistSoil|Semi|Fullsun,,,Dye,양배추
232,232,Chicory,Asteraceae|Compositae,Cichorium,intybus,4,6,FullyHardy|MoistSoil|Fullsun,Coffee,Appetizer|Bach|Cardiac|Cholagogue|Depurative|Digestive|Diuretic|Hypoglycaemic|Laxative|Tonic|Warts,Biomass|Compost,치커리
233,233,Cauliflower,Brassicaceae|Cruciferae,Brassica,oleraceabotrytis,4,0,FullyHardy|MoistSoil|Semi|Fullsun,,,Companion|Fungicide,콜리플라워
234,234,Cos Lettuce,Asteraceae|Compositae,Lactuca,sativalongifolia,3,6,FullyHardy|MoistSoil|Semi|Fullsun,,,,로메인상추
235,235,Spinach Beet,Chenopodiaceae,Beta,vulgariscicla,4,4,FullyHardy|MoistSoil|Fullsun,,,,적근대
236,236,Pak Choi,Brassicaceae|Cruciferae,Brassica,rapachinensis,4,2,FullyHardy|MoistSoil|Semi|Fullsun,Oil,Antirheumatic|Antiscorbutic|Resolvent,Oil,청경채
237,237,Collards,Brassicaceae|Cruciferae,Brassica,oleraceaacephala,4,0,MoistSoil|Semi|Fullsun,,,,케일
238,238,Brown Mustard,Brassicaceae|Cruciferae,Brassica,juncea,4,4,FullyHardy|MoistSoil|Semi|Fullsun,Condiment|Oil,Anodyne|Antibiotic|Aperient|Diuretic|Emetic|Galactogogue|Rubefacient|Stimulant,Oil|Repellent,적겨자
239,239,Wild Celery. Ajmod,Apiaceae|Umbelliferae,Apium,graveolens,3,6,FullyHardy|MoistSoil|Semi,Condiment,Antianxiety|Antirheumatic|Aperient|Appetizer|Carminative|Diuretic|Emmenagogue|Galactogogue|Nervine|Stimulant|Tonic,Essential,샐러리
240,240,Sweet Coltsfoot,Asteraceae|Compositae,Petasites,japonicus,3,4,FullyHardy|MoistSoil|WetSoil|Fullshade|Semi|Fullsun,,Antiasthmatic|Antispasmodic|Expectorant|Miscellany|Poultice,Miscellany,머위
241,241,,Apiaceae|Umbelliferae,Angelica,keiskei,2,0,MoistSoil|Semi|Fullsun,,,,신선초
242,242,Radish,Brassicaceae|Cruciferae,Raphanus,sativus,4,6,FullyHardy|MoistSoil|Semi|Fullsun,Oil|Oil,Anthelmintic|Antibacterial|Antifungal|Antiscorbutic|Antispasmodic|Appetizer|Astringent|Cancer|Carminative|Cholagogue|Digestive|Diuretic|Expectorant|Laxative|Poultice|Stomachic,Fodder|Oil|Oil|Repellent,레디쉬 방울무
